{
    "label": "Parabolic",
    "index": 4,
    "mode": "2d",
    "generators": {
        "Circle": [
            {
                "id": 2864,
                "center": [
                    1.7556639027447156,
                    2.074738979137062
                ],
                "radius": 1.4705731851923496
            },
            {
                "id": 2915,
                "center": [
                    -0.7905605553361029,
                    2.399536621370471
                ],
                "radius": 1.0903833226780169
            },
            {
                "id": 2916,
                "center": [
                    -2.004917132587855,
                    1.2286073430233653
                ],
                "radius": 0.5995172332615988
            },
            {
                "id": 2917,
                "center": [
                    2.4471515643611883,
                    -0.31894266770710233
                ],
                "radius": 1.0207781138562892
            }
        ],
        "TwoCircles": [
            {
                "id": 2638,
                "c1": {
                    "id": 2636,
                    "center": [
                        -0.3128178338541756,
                        -0.4143311107105269
                    ],
                    "radius": 1.7589667712490369
                },
                "c2": {
                    "id": 2637,
                    "center": [
                        0,
                        0
                    ],
                    "radius": 2.278125
                }
            }
        ]
    }
}
