{
    "label": "Hyperbolic",
    "index": 3,
    "mode": "2d",
    "generators": {
        "Circle": [
            {
                "id": 2864,
                "center": [
                    1.5314746405750823,
                    2.1836811102236426
                ],
                "radius": 1.3633167832330184
            },
            {
                "id": 2915,
                "center": [
                    -0.8403803913737992,
                    2.336486621405752
                ],
                "radius": 0.9979513346688644
            },
            {
                "id": 2916,
                "center": [
                    -2.004917132587855,
                    1.2609075479233245
                ],
                "radius": 0.5911033215581123
            },
            {
                "id": 2917,
                "center": [
                    2.526532547923326,
                    -0.041109225239616354
                ],
                "radius": 1.0726033171598899
            }
        ],
        "TwoCircles": [
            {
                "id": 2638,
                "c1": {
                    "id": 2636,
                    "center": [
                        -0.2923588364051954,
                        -0.36541452742033764
                    ],
                    "radius": 1.7589667712490369
                },
                "c2": {
                    "id": 2637,
                    "center": [
                        0,
                        0
                    ],
                    "radius": 2.278125
                }
            }
        ]
    }
}
