{
    "label": "LoxodromicOneSphere",
    "index": 8,
    "mode": "3d",
    "generators": {
        "BaseSphere": [
            {
                "id": 0,
                "center": [
                    596.7862801400979,
                    89.71462488343866,
                    242.8175018397975
                ],
                "radius": 125
            }
        ],
        "Loxodromic": [
            {
                "id": 1,
                "s1": {
                    "id": 2,
                    "center": [
                        41.181862066673744,
                        163.78452065766442,
                        670.3558469499596
                    ],
                    "radius": 566
                },
                "s2": {
                    "id": 3,
                    "center": [
                        100,
                        211,
                        666
                    ],
                    "radius": 666
                },
                "p": [
                    14.084686688203647,
                    1039.0022172014892,
                    -215.4725467251649
                ],
                "q1": [
                    100,
                    -888,
                    -133
                ],
                "q2": [
                    536.6218169368603,
                    297.7439266625545,
                    -143.77560225607036
                ]
            }
        ]
    }
}
